Mead Tag, Google Tag(s)
advertising, Display advertising; Online advertising
African, African grey; African daisy; African elephant; African food; Africanis; African violets; African leopard; West African cuisine
aircraft, Jet aircraft; Ground attack aircraft; Wide-body aircraft; Stealth aircraft; Supersonic aircraft; Light aircraft carrier; Experimental aircraft; Royal aircraft factory b.e.2; Royal aircraft factory f.e.8; Fighter aircraft; Military transport aircraft; Rocket-powered aircraft; Royal aircraft factory r.e.8; Radio-controlled aircraft; Submarine aircraft carrier; Cargo aircraft; Light aircraft; Propeller-driven aircraft; Narrow-body aircraft; Military aircraft; Model aircraft
alcohol, Non-alcoholic beverage; Bavaria non-alcoholic beer
angels, Arkhangelsky ar-2
anger, Harvey wallbanger; Tangerine; Manger; Park ranger; Ford ranger; Orangery; Money changer; Banger racing; Ford ranger ev; Bangers and mash; Edsel ranger; Clothes hanger
animation, Clay animation
archery, Target archery; Field archery
architecture, Medieval architecture; Byzantine architecture; Japanese architecture; Brutalist architecture; Eastern orthodox church architecture; Marine architecture; Chinese architecture; Ancient roman architecture; Classical architecture; Gothic architecture; Naval architecture
arrows, Narrows
art, Aspartame; Hearth; Performance art; Earth day; Modern art; Smartphone; Martin Luther King Jr. Day; Martin b-10; Cart; Shopping cart; Sand Martin; Atmosphere of earth; Kindergarten; Mixed martial arts; Martin marietta x-24a; Warthog; Ondes martenot; Cartilaginous fish; Apartment; Shoulder (Body Part); Chartreuse; Martini; Tartan; Purple Martin; Cartoon; Darts; Nail (Body part); Northern Praying Mantis (martial art); Environmental art; Japanese martial arts; American Redstart; Plastic arts; Wartburg 353; Martin b-26 marauder; Jerusalem artichoke; Hood (Vehicle Part); Bartender; Bleeding-heart baboon; Chinese Martial Arts; Sweetheart cake; Earth; À la carte food; Tarte tatin; Lawn darts; Street artist; Aston martin db9; Aston martin vanquish; Marten; Aston martin lagonda; Aston martin bulldog; Lockheed martin x-33; Earthquake (Drink); Martin xb-51; Garter; Earthworm; Penthouse apartment; Earthquake; Aston martin le mans; Alenia c-27j spartan; Cg artwork; Aston martin db7; Warty newt; Chinese warty newt; Garter snake; Martial artist; Block party; Martin b-57 canberra; Common Garter Snake; Chartreux; Tart; Golf cart; Carton; Lockheed martin f-35 lightning ii; Tartiflette; Headquarters; Dodge dart; Bakewell tart; Corporate headquarters; Lancia artena; Txalaparta; Tartane; Poison dart frog; Steak tartare; Clip art; Lamb's quarters; Custard tart; Lockheed martin fb-22; Heart's ease; Earthenware; Hartebeest; Havarti Cheese; Aston martin db5; Tartufo; Aston martin db4 gt zagato; Earthstar; Techart 997 carrera; Techart 997 turbo; Psychedelic art; Sambo (martial art); Western terrestrial garter snake; Aston martin one-77; Tea party; Basset artésien normand; Heart rate monitor; Costume party; Martial arts; Heart of palm; Bachelorette party; Carting; Tartare; Mozartkugel; Party; Peugeot partner; Sweethearts; Crash cart; Dart; Tanacetum parthenium; Aston martin ulster; Khartal; Dennis dart; Techart gtsport; Fire department; Performing arts; Smartweed-buckwheat family; Marine corps martial arts program; Fiat abarth 850tc berlina; Abarth simca 2000; Egg tart; Quartz; Quartz clock; Vodka martini; Child art; Bartitsu; Hovawart; Mime artist; Aston martin v8 zagato; Aston martin db6; Aston martin 2-litre sports; Aston martin db2; Aston martin db2/4; Aston martin db mark iii; Aston martin db4; Aston martin vantage; Aston martin dbs; Aston martin v8; Aston martin virage; Aston martin db3; Aston martin v8 vantage (1977); Aston martin v8 vantage (2005); Party hat; Aston martin db ar1; Comics artist; Carterocephalus; Calf (Body Part); Self-propelled artillery; Tarte flambée; Heart (Shape); Pale smartweed; Cart noodle; Performing arts center; Culinary art; Tattoo artist; Cartwheel; Street art; Quarter; Cartellate; Earthdog trial; Rainbow Darter; St. martin's day; Auto part; Temple (Body Part); Line art; Animated cartoon; Heart (Organ); Ketoprak jakarta; Aston martin rapide; Oxcart; Aston martin db7 zagato; Makeup artist; Plains Gartersnake; Water smartweed; Smart roadster; Housewarming party; Smart forfour; Frutta martorana; Treacle tart; Sole (Body Part); Party supply; Headgear (Martial Arts); Partridge pea; Starting pistol; Pacific bleeding heart; Fractal art; Aston martin dbs v12; Aston martin short chassis volante; Party favor; Creative arts; Chest (Body Part); Darth vader; Kart racing; Hartmann neuron; Smooth Earth Snake; Checkered Garter Snake; Shotgun start; Quarterstaff; Music artist; Party bike; Imarti; Aston martin amr-one; Mexican martini; Go-kart; Partridge; Water filter cartridge; Truck bed part; Automotive window part; Martini glass; Clutch part; Automotive starter motor; Automotive engine part; Steering part; Suspension part; Bicycle part; Dartboard; Dart flight; Martial arts uniform; Kitchen cart; Bicycle drivetrain part; Automotive ignition part; Martial arts shorts; Bridal party dress; Lockheed martin f-22 raptor; Lockheed Martin; Darts player; Tartaric acid; Scart; Visual arts
Asian, Asian food; Asian elephant; Asian pear; Asian semi-longhair; Asian soups
autumn, Mid-autumn festival
bags, Luggage and bags
bark, False shagbark hickory; Shellbark hickory
bars, Parallel bars; Uneven bars
battles, Pre-dreadnought battleship
beads, Buddhist prayer beads; Prayer beads
beauty, Rock beauty; Health & beauty; National trust for places of historic interest or natural beauty; Wide leaved spring beauty
beds, Sweetscented bedstraw
belts, Tool belts
biology, Marine biology; Structural biology
birds, Seafood birdsnest; Angry birds
black, Great black-backed gull; Shortleaf black spruce; Austrian black and tan hound; Little black dress; Lincoln blackwood; Buick blackhawk; Sikorsky s-67 blackhawk; Riga black balsam; Kemençe of the black sea; Smirnoff ice double black; American black bear; Californian black oak; Lockheed sr-71 blackbird; Ground black pepper
blankets, Pigs in blankets
blood, Alapaha blue blood bulldog
blue, Russian blue; Great blue heron; Alapaha blue blood bulldog; Eastern Tailed blue; Large blue; Chesapeake blue crab; Baby blue eyes; Little blue heron; Electric blue; Atlantic bluefin tuna; Tesla bluestar; Kerry blue terrier; Common blue; Nissan bluebird; Cobalt blue; Majorelle blue; Adirondack blue potato; Atlantic blue marlin; Volkswagen concept bluesport; Datsun bluebird 910; Nissan bluebird (u14); Nissan bluebird (u13); Nissan bluebird (u12); Colorado blue columbine; Small blue; Silver-studded blue; Chalkhill blue; Adonis blue; Holly blue; Short-tailed blue; Jamaican blue mountain coffee; Pabst blue ribbon; Texas bluebonnet; Closed blue gentian; Aechmea blue tango
bread, Unleavened bread; Multigrain bread; Cornbread; Sliced bread; Graham bread; Shortbread; Soda bread; Brown bread; Crisp bread; Hard dough bread; Gingerbread; Monkey bread; White bread; Fairy bread; Banana bread; Potato bread; Frybread; Sweetbread; Flatbread; Rye bread; Garlic bread; Sausage bread; Easter bread; Pumpkin bread; Whole wheat bread; Spoonbread; Beer bread; Caramel shortbread; Bush bread; Gingerbread house
breast, Red-breasted merganser; Rose breasted Grosbeak; White breasted Nuthatch; Red breasted Nuthatch; Yellow breasted Chat; Chicken breast
brown, Chocolate brownie; Havana brown; Meadow brown; Hash browns; Big brown bat; Eastern brown snake; Northern brown argus; High brown fritillary; Newcastle brown ale
buildings, Garden buildings
butterflies, Moths and butterflies
cables, Networking cables
cactus, Crenate orchid cactus; Fishbone cactus; Large-flowered cactus; San Pedro cactus; Hedgehog cactus; Night-blooming cactus; Moonlight cactus
candy, Rock candy; Cotton candy; Irish potato candy; Orange jelly candy; Coconut candy; Gummi candy; Stick candy; Ribbon candy; Dragon's beard candy; Russian candy; Evergreen candytuft; Hard candy
castles, Building sand castles
cats, Small to medium-sized cats; Big cats
celebrations, Oktoberfest celebrations
ceremonies, Master of ceremonies
children, National sovereignty and children's day
Chinese, Chinese new year; Chinese crested dog; Chinese paddlefish; Chinese food; Chinese passport; Chinese cinnamon; Chinese Martial Arts; Chinese noodles; Chinese hibiscus; Chinese warty newt; Chinese imperial dog; Chinese cabbage; Chinese hawthorn; Chinese magnolia; Chinese architecture; Chinese sausage; Chinese chicken salad; Chinese sturgeon; Chinese herb tea; Chinese peony; Chinese celery; Chinese chongqing dog; Chinese restaurant; American Chinese cuisine
Christmas, Christmas carol; Christmas eve; Christmas card; Christmas cracker; Christmas; Christmas pudding; Christmas tree; Christmas Orchid; Christmas stocking; Christmas lights; Christmas ornament; Christmas elf; Christmas island red crab; Christmas decoration; Christmas dinner; Christmas tree skirt
clocks, Four o'clocks
cloth, High-visibility clothing; Dishcloth; Tablecloth; Fur clothing; Vintage clothing; Latex clothing; See-through clothing; Webbing clothes moth; Bicycle clothing; Dog clothes; Baby & toddler clothing; Motorcycle protective clothing; Bridal clothing
clothing, High-visibility clothing; Fur clothing; Vintage clothing; Latex clothing; See-through clothing; Bicycle clothing; Baby & toddler clothing; Motorcycle protective clothing; Bridal clothing
coal, Charcoal
cold, Common cold
communication, Portable communications device; Telecommunications engineering
communications, Portable communications device; Telecommunications engineering
composition, Musical composition
concentration camps, Nazi concentration camps
containers, Food storage containers
cooking, Red cooking
cosmos, Garden cosmos; Chocolote cosmos
costume, Halloween costume
cows, Sea cows
dance, Ballroom dance; Line dance; Lap dance; Country-western dance; Latin dance; Belly dance; Street dance; Erotic dance; Lion dance; Dragon dance; Folk dance; Concert dance; Plymouth sundance; Pole dance; Exotic dancer; Majorette (dancer); Father daughter dance; Ballet dancer; Modern dance; Salsa dance; Hip-hop dance; Kandyan dance; Morris dance; Tap dance
dawn, Rolls-royce silver dawn
deer, Reindeer; Roe deer; Killdeer; Musk deer; White-tailed deer; Sautéed reindeer; Scottish deerhound
design, Sound design; Fashion designer; Fashion design; Interior design; Graphic design; Chevrolet advance design; Costume design; Automotive design; Floral design; Garden designer; Urban design
diving, Freediving; Predaceous diving beetles; Scuba diving; Tandem skydiving; Underwater diving; Freestyle skydiving; Sport diving (sport)
dogs, British bulldogs
dolls, Japanese dolls
dolphins, Common dolphins; Right whale dolphins
domes, Small greek domestic dog
drawing, Figure drawing; Technical drawing
drinks, Carbonated soft drinks
drums, Batá drums
dust, Film industry; Plymouth duster; Hindustan ambassador; Industry; Dacia duster; Hindustan contessa
eating, Competitive eating; Sweating
eggs, Scrambled eggs; Creamed eggs on toast
elite, Lotus elite; Ford elite; Buick velite
environment, Natural environment
erotica, Women's erotica
evening, Pink evening primrose; Common evening primrose; Large-flowered evening primrose; Cutleaf evening primrose
exterior, Automotive exterior
eye, Human eye; Goldeneye; Dark eyed Junco; Red eyed Vireo; Bugeye; Audi rosemeyer; Black-eyed pea; Buckeye; Pheasant's-eye; Bird's-eye; Oxeye daisy; Baby blue eyes; Blue eyed grass; Green-eyed tree frog; Fisheye lens; Rosca de reyes; Black-eyed susan; Bird's eye chili; Sockeye salmon; Meyer lemon; Lepidium meyenii; Meyers manx; Rib eye steak; Ohio Buckeye; Red-eye effect; Common Buckeye; Red-eyed tree frog; Hawkeye; Bird's-eye view; Red eye; Bull's eye level; One eyed Sphinx; Wall eyed pike; Northrop grumman e-2 hawkeye
fame, Hall of fame
fashion, Street fashion; Old fashioned; Old fashioned glass
feathers, Prince of wales feathers
feet, Pickled pigs feet; Chicken feet; Sewing machine feet
festivals, Japanese festivals
fiction, Literary fiction; Non-fiction
fighting, Bullfighting; General dynamics f-16 fighting falcon; Russian fist fighting; Shootfighting; Cordoba fighting dog
film, Indie film; Action film; Window film; Photographic film
fires, Desoto firesweep
fish, Triggerfish; Belted Kingfisher; Fly fishing; Swordfish; Western Mosquitofish; Starfish; Milkfish; Lobe-finned fish; Paddlefishes; Cartilaginous fish; Chinese paddlefish; Gefilte fish; Spearfishing; Ocean sunfish; Flathead Catfish; Scorpionfish; Box jellyfish; Cuttlefish; Ocean whitefish; Garibaldi (fish); Patagonian toothfish; Niggerfish; Lionfish; Ackee and saltfish; Butterflyfish; Parrotfish; Flying fish; Big-game fishing; Goosefish; Surf fishing; Tobaccofish; Golden angelfish; Oyster toadfish; Oily fish; Doctorfish; Tuna fish sandwich; Tilefish; Goldfish; Blue-backed fish; Recreational fishing; Green pufferfish; Pilotfish; Hairfinned silverfish; Dogfish head 90 minute ipa; Swellfish; Green sunfish; Stockfish; Trunkfish; Forage fish; Queen Triggerfish; Fried fish; Sailfish; Silverfish; Casting (fishing); Bony-fish; Pinfish; Fermented fish; Blowfish; Channel Catfish; Mekong giant catfish; Porcupine fishes; Goatfishes; Trumpetfish; Boxfishes and trunkfish; Bait fish; Bugfish; Billfish; Humpback whitefish; Coral reef fish; Clownfish; Spotted weakfish; King fish; Aquarium fish feed; Cat fish; Rock fishing; Bay pipefish; Anglerfish; Spanish fish; Crayfish; Feeder fish; Hag fish; Smoked fish; Flatfish; Bluefish; Catfish; Striped Burrfish; Cabezon (fish); Convictfish; Common weakfish; Salmon-like fish; Jellyfish; Crawfish Frog; Shellfish; Cowfish; Sargassumfish; Deep sea fish; Wide Sawfish; Anemone fish; Ray-finned fish; Salted fish; Hagfish; Butterfish
fishing, Fly fishing; Spearfishing; Big-game fishing; Surf fishing; Recreational fishing; Casting (fishing); Rock fishing
flight, Studebaker flight hawk; Dart flight
flowers, Woolflowers; Spurflowers; Cut flowers; Blanket flowers
fog, Affogato; Sfogliatelle; Automotive fog light
food, Brazilian food; Fast food; Andhra food; Local food; Dog food; Asian food; Malaysian food; Cantonese food; Cajun food; Take-out food; Chinese food; Frozen food; Caribbean food; American food; Southeast asian food; Kosher food; Convenience food; Staple food; Indonesian food; Polish food; Cuban food; À la carte food; Latin american food; European food; Ethiopian food; Pet food; Festival foods; Jamaican food; Seafood birdsnest; Preserved food; French food; Russian food; Saimin food; German food; Greek food; Fast food restaurant; Cambodian food; Churrasco food; Swiss food; Baby food; Eastern european food; Middle eastern food; Irish food; Portuguese food; Animal source foods; Korean food; Cat food; Runza food; Superfood; Comfort food; Mediterranean food; Southwestern united states food; Mexican food; Hawaiian food; Red food coloring; African food; Street food; Peruvian food; Tamil food; Filipino food; Seafood; Processed food; Shanghai food; Burmese food; Vietnamese food; Southern united states food; Thai food; Tex-mex food; Vegetarian food; Turkish food; Natural foods; Bushfood; Diet food; Italian food; Finger food; Padang food; Fried food; Pickled foods; Whole food; Tibetan food; Mongolian food; Bird food; Seafood boil; Armenian food; Australian food; Junk food; Small animal food; Anchovy (food)
forests, Tropical and subtropical coniferous forests; Magellanic subpolar forests
form, Galliformes; Performance art; Fluvial landforms of streams; Accipitriformes; Pelecaniformes; Coraciiformes; Performance; Street performance; Piciformes; Carcharhiniformes; Landform; Squaliformes; Stunt performer; Lamniformes; Ciconiiformes; Osmeriformes; Conformation show; Casuariiformes; Coastal and oceanic landforms; Beloniformes; Current transformer; Cheerleading uniform; Falconiformes; Transformers; Platform supply vessel; Military uniform; Baseball uniform; Aeolian landform; Vaudeville performer; Glacial landform; Performing arts; Perciformes; Surform; Performance car; Performing arts center; Transformer; Uniform; Chef's uniform; Syngnathiformes; Cuculiformes; Charadriiformes; Nurse uniform; School uniform; Suliformes; Sports uniform; Martial arts uniform; Infant formula; Cypriniformes; Dorotheanthus bellidiformis; Musical Performance Sports
French, French toast; French 75; French press; French spaniel; French passport; French fries; French food; French horn; French bulldog; French tian; French braid; French lavender; French onion soup; French dressing
friends, Fokker f27 friendship
fruit, Ugli fruit; Passion fruit; Jackfruit; Dragonfruit; Dried fruit; Superfruit; Candied fruit; Kiwifruit; Peanut butter fruit; Starfruit plant; Passion fruit juice; Grapefruit juice; Eggfruits; Eggfruit; Seedless fruit; Breadfruit; Grapefruit; Accessory fruit; Starfruit
fur, Street furniture; Sulfur Cosmos; Plymouth fury; Tofurkey; Seat fura; Plymouth gran fury; Outdoor furniture; Tofurky; Camp furniture; Cat furniture; Frankfurter würstchen
furniture, Street furniture; Outdoor furniture; Camp furniture; Cat furniture
games, Bat-and-ball games; Highland games; Indoor games and sports; Frisbee games
gloves, Formal gloves
gray, Giant freshwater stingray; Baltic gray seal; Blue gray Gnatcatcher; Atlantic Stingray; Corvette stingray; Stingray
green, Collard greens; Beet greens; Evergreen rose; Chevrolet greenbrier; Mustard greens; Dark green fritillary; European green lizard; Spring greens; Western green mamba; Evergreen candytuft; Evergreen Bagworm; Evergreen
grooming, Personal grooming; Horse grooming; Social grooming; Shaving and grooming
growth, Old-growth forest
halos, Pachycephalosaurus
hands, Holding hands
hats, Daihatsu materia; Daihatsu mira gino; Daihatsu sonica; Daihatsu esse; Daihatsu tanto; Daihatsu taft; Daihatsu opti; Daihatsu leeza; Daihatsu naked; Daihatsu charade; Daihatsu rocky; Daihatsu mira; Daihatsu copen; Daihatsu fellow max; Daihatsu move; Daihatsu boon; Daihatsu terios; Daihatsu yrv; Daihatsu compagno; Daihatsu charmant; Daihatsu consorte; Daihatsu hijet; Daihatsu applause; Daihatsu rugger
heads, Airheads
hearts, Sweethearts
hips, Viking ships; Hellenistic-era warships; Lay's wow chips; Egg and chips; Fish and chips; Whipsaw; Chicken and chips
horns, Crown of thorns; Thorns, spines, and prickles
hunting, Deer hunting; Polish hunting dog; Seal hunting; Trophy hunting; Wolf hunting; Fox hunting
hygiene, Feminine hygiene; Oral hygiene; Body hygiene kit
independence, Indian independence day
insects, Net-winged insects
international, One day international
jewelry, Body jewelry
Jewish, Jewish cuisine
labor, Collaboration
lakes, Corn flakes; Frosted flakes; Haw flakes; Complete wheat bran flakes
lanterns, Velvet belly lanternshark
leaves, Grape leaves
legs, Greater yellowlegs; Lesser Yellowlegs; Frog legs; Duck legs
light, Ultralight aviation; Flight; Traffic light; Flight attendant; Flashlight; Flight engineer; Track lighting; Aquarium lighting; Street light; Lockheed martin f-35 lightning ii; Christmas lights; Turkish delight; Flightless bird; Moonlight; Grevillea 'moonlight'; Safelight; Nightlight; Bicycle lighting; Buddha's delight; Emergency light; Jaguar advanced lightweight coupe concept; Studebaker starlight; Lockheed p-38 lightning; Sunlight; Automotive lighting; Lamplighter; Security lighting; Moonlight cactus; Ford lightning; Studebaker flight hawk; Landscape lighting; Backlighting; Studebaker light six; Under-cabinet lighting; Incandescent light bulb; Coca-cola light sango; Floodlight; Video camera light; Automotive fog light; Automotive interior lighting; Automotive tail & brake light; Dart flight; Automotive side marker light; Automotive parking light; Visual effect lighting; Automotive light bulb; Daylighting; Flight instruments
lighting, Track lighting; Aquarium lighting; Bicycle lighting; Automotive lighting; Security lighting; Landscape lighting; Backlighting; Under-cabinet lighting; Automotive interior lighting; Visual effect lighting; Daylighting
lines, Balinese; Cleanliness; Chapulines
lion, Scallion; Golden lion tamarin; Rebellion; Common Dandelion; Antlions; Pavilion; Dandelion coffee; Toyota allion; Tortiglioni; Eagle medallion; Masai lion; Stallion; Dandelion; California sea lion; Sea lion; Steller sea lion
literature, Erotic literature
lizards, Side-blotched lizards
love, Glove; Semipalmated Plover; Black bellied Plover; Boxing glove; Teenage puppy love; Dutch clover; Lacrosse glove; Spotted burclover; Hybrid clover; Zigzag clover; Batting glove; Baseball glove; Bush clovers; Medical glove; Red clover; Old field clover; Evening glove; Yellow sweet clover; Clover club cocktail; White sweet clover; Clover; Burclover; Equestrian glove; Soccer goalie glove; Bicycle glove; Football glove; Weightlifting glove; Golf glove; Formal gloves; Safety glove; Clove
lovers, Bush clovers
machines, Riveting machines
male, Female person; Tamale
memory, Video memory; Random-access memory; Read-only memory; Flash memory
men, Amusement park; Wind instrument; Electronic instrument; Tournament; Organ (Musical Instrument); One-piece garment; Triangle (Musical Instrument); Document; Amusement ride; Sōmen; Escarpment; Women's football; Harvestmen; National monument; Brass instrument; Disfigurement; Apartment; International women's day; Blessed sacrament; Employment; Identity document; Medical equipment; Cement; Audio equipment; Vestment; Rock-climbing equipment; Seat of local government; Environmental art; Traditional japanese musical instruments; Traditional vietnamese musical instruments; Hiking equipment; Women's erotica; Pre-engagement ring; Compass (Drawing Instrument); Government agency; Diving equipment; Construction equipment; Entertainment; Monument; Ratchet (Musical Instrument); Common tormentil; Cyclamen; Experimental aircraft; Fermented bean paste; Natural environment; Basement; Electronic musical instrument; Penthouse apartment; Honda element; Women's lacrosse; Golf equipment; Menemen; Argument; Women's basketball; Flamenco; Laboratory equipment; Government; Hymenocallis speciosa; Cable management; Pelmeni; Document camera; Hucho taimen; Office equipment; Indian musical instruments; Women's athletics, pentathlon; Christmas ornament; Scientific instrument; Musical instrument; Management; Rubber cement; Surgical instrument; Measuring instrument; Traditional chinese musical instruments; Ice hockey equipment; Retirement home; Tar (Musical Instrument); Replenishment oiler; Lawn ornament; Nintendo entertainment system; Sports commentator; Optical instrument; Dendrobium crumenatum; Fire department; Fermented fish; Crème de menthe; Sports equipment; Ornament; Water boatmen; Folk instrument; Parliament; Management of hair loss; Medium tactical vehicle replacement; Entertainment center; Armenian cucumber; Hymenocallis littoralis; Limenitis camilla; Writing implement; Super nintendo entertainment system; Commentator; Bodybuilding supplement; Kemençe of the black sea; Pipe (Musical Instrument); Viola (Musical Instrument); Baseball equipment; Bowling equipment; Atmospheric phenomenon; Reed instrument; Fermented bean curd; Geological phenomenon; Boxing equipment; Woodwind instrument; Paintball equipment; X-men; Cup (Measurement); Delirium tremens; Segmental bridge; Abdomen; Exercise equipment; Ramen; Seal (Document); Undergarment; Eumenidae; Engagement ring; Engagement; Payment card; Army men; Trampolining--Equipment and supplies; Boats and boating--Equipment and supplies; Skateboarding Equipment; Bicycles--Equipment and supplies; Tennis Equipment; Football equipment; Surfing Equipment; Embellishment; Hachis parmentier; Drinking establishment; Ski Equipment; String instrument; Hymenocallis; Lamborghini sesto elemento; Traditional korean musical instruments; Limenitis; Personal protective equipment; Human settlement; Plucked string instruments; Armenian food; Acne treatment; Phenomenon; Condiment; Law enforcement; Experimental musical instrument; Garment bag; Hockey protective equipment; Outdoor play equipment; Office instrument; Holiday ornament; Toy instrument; Projector replacement lamp; Stage equipment; Outdoor power equipment; Vintage advertisement; Laptop replacement screen; Laptop replacement keyboard; Waste containment; Condiment dispenser; Toothbrush replacement head; Active Undergarment; Garment steamer; Pet vitamins & supplements; Documentary; Flight instruments; Bowed string instrument; Conch (Musical Instrument); Clementine; Window treatment; Dietary supplement
mice, Vermicelli; Oyster vermicelli; White footed mice; Rice vermicelli
morning, Red sky at morning
moss, Clubmoss; Goldmoss stonecrop
music, Gospel music; Traditional japanese musical instruments; Traditional vietnamese musical instruments; Electronic musical instrument; Indian musical instruments; Buchla 200 series electric music box; Traditional chinese musical instruments; Pop music; Traditional korean musical instruments; Classical music; Hip hop music; Experimental musical instrument; Sheet music
musical instruments, Traditional japanese musical instruments; Traditional vietnamese musical instruments; Indian musical instruments; Traditional chinese musical instruments; Traditional korean musical instruments
nature, Signature
night, Walpurgis night; Midnight; Boeing vertol ch-46 sea knight; Lockheed f-117 nighthawk; Guy fawkes night; Knight; Kupala night
nose, Bottlenose dolphin; Long nose gar; Leaf nosed bat; Bottlenose whales; Broadnose shark; Star nosed mole; Hognose snake; Common bottlenose dolphin; Hog nosed skunk; Long nosed Snake; Hog-nosed snakes; Eastern Hognose Snake; Needle-nose pliers; Round-nose pliers; Western hognose Snake; Human nose
ollas, Bolas criollas
orange, Mandarin orange; Mock orange; Bitter orange; Blood orange; Wild mock-orange; Agent orange; Valencia orange; Wild orange; Osage orange
oval, Hair removal; Snow removal
pain, Acrylic paint; Watercolor paint; Desert paintbrush; Queen of spain fritillary; American painted lady; Art paint
paradise, Bird-of-paradise; Bird of paradise; Grains of paradise
pens, Suspension; Buoyancy compensator; Self-anchored suspension bridge; Elymus repens; Soap dispenser; Suspension bridge; Suspension part; Toothpick holder & dispenser; Condiment dispenser; Straw dispenser
photography, Aerial photography; Still life photography; Stock photography; Nude photography; Monochrome photography; Macro photography; Portrait photography
pipes, Bagpipes; Scottish smallpipes; Uilleann pipes
play, Media player; Cosplay; Dvd player; Cd player; Flat panel display; Volkswagen polo playa; Display advertising; Display device; Baseball player; Basketball player; Display window; Tennis player; Stroke play; Led display; Pool player; Rugby player; Massively multiplayer online role-playing game; Display case; Portable media player; Led-backlit lcd display; Handball player; Citroën c-airplay; Display board; Keyboard player; Football player; Outdoor play equipment; Mp3 player; Cassette player; Mp3 player case; Record player; Darts player; Volleyball player; Screenplay; Match play; Soccer player
pleasure, English pleasure; Western pleasure
pose, Composer; Boeing p-8 poseidon; All-purpose flour; Multipurpose battery; Unbleached all-purpose flour
postal service, United states postal service
power, Nuclear power plant; Nuclear-powered icebreaker; Rocket-powered aircraft; Dodge power wagon; Overhead power line; Mg xpower sv; Solar power; Studebaker power hawk; Unipower; Uninterruptible power supply; Desoto powermaster; Hyundai new power truck; Laptop power adapter; Handheld power drill; Outdoor power equipment; Audio power amplifier
printing, Screen-printing; Laser printing; Dot matrix printing; Inkjet printing
Quaker, Quaker instant oatmeal
race, Relay race; Bracelet; Grumman e-1 tracer; Terrace; Glechoma hederacea; Mercury tracer; Dental braces; Neck brace; Nutraceutical; Folkrace; Brace; Obstacle race; Hyundai grace; Toyota masterace; Pittosporaceae; Auto race; Toyota motor triathlon race car; Motorcycle racer
rain, Multigrain bread; Training; Grain; Brain; Drainage basin; Train conductor; Grains of paradise; Douglas c-47 skytrain; All-terrain vehicle; Drain cleaner; Storm drain; Terrain; Obedience training; Valdivian temperate rain forest; Potty training; Ukrainian passport; Strained yogurt; Drain; Sports training; Trainer; Horse trainer; Tea strainer; Gmc terrain; Buick rainier; Grain whisky; Ukrainian levkoy; Agricultural drainage system; Strength training; Brain (Food); Training ship; Elliptical trainer; Purple rain; Grain milk; Train ferry; Brain coral; Animal training; Athletic trainer; Quiche lorraine; Whole grain; Training wheels; Training bench; Train; Drainage divide; Bicycle trainer; Roasted grain beverage; Monkey brains; Circuit training; Moraine; Weight training; Food grain; Drainage; Amaranth grain; Wholegrain mustard; Head restraint; Beef brain; Bicycle drivetrain part; Cross training shoe; Bullet train; Strainer; Train station; Personal trainer
rape, Trapeze; Oregon grape; Crape myrtle; Grape seed oil; Grape seed extract; Grape; Card scraper; Dough scraper; Broomrape; Grape leaves; Grapefruit juice; Grape hyacinth; Scraper; Dough scraper; Skyscraper; Grape juice; Flying trapeze; Ice scraper; Static trapeze; Grapevine family; Grape soda; Grapefruit
rattles, Ground rattlesnake; Eastern diamondback rattlesnake
recreation, Outdoor recreation
red, Domestic short-haired cat; Chequered skipper; Airedale terrier; Powdered sugar; Armored cruiser; Bored; Collared lizard; Red shouldered Hawk; Chambered cairn; Vodka red bull; Flavored syrup; Styrian coarse-haired hound; Bosnian coarse-haired hound; Ford five hundred; Feathered hair; Shredder (Fictional Character); M113 armored personnel carrier; Fettuccine alfredo; Daredevil; Large-flowered cactus; Nuclear-powered icebreaker; German shorthaired pointer; German wirehaired pointer; Western red lily; Chocolate-covered coffee bean; Slovakian rough-haired pointer; Dried shredded squid; Shredder; Silver haired Bat; Powdered milk; Chambered nautilus; Irish red and white setter; Sacred lotus; Hammered dulcimer; Dredging; Predaceous diving beetles; Rocket-powered aircraft; Armored car; Powered paragliding; Salt-cured meat; Wirehaired vizsla; Longhaired whippet; Checkered White; Common collared lizard; Northern redbelly snake; Common Checkered skipper; Long-haired German Shepherd; Karedok; Self-anchored suspension bridge; Kia credos; Christmas island red crab; Crushed red pepper; Bordered Patch; Peppered moth; Northern red ash; Shorland armoured car; Desert red bat; Carrot and red lentil soup; Small pearl-bordered butterfly; Pearl-bordered fritillar; Large chequered skipper; Mouse eared bat; Chocolate-covered raisin; Ingredient; Lampredotto; Big red; Infrared thermometer; General atomics mq-1 predator; California red legged frog; Large-flowered evening primrose; Hot buttered rum; Istrian coarse-haired hound; Bredele; Layered hair; Breda ba.88; Packard four hundred; Little red flying fox; Desoto firedome; American red cross; Breda ba.65; Credit card; Mitsubishi tredia; German longhaired pointer; Semifreddo; Checkered Garter Snake; Registered nurse; Predation; Powered hang glider; Bicoloured goldenrod; Northern red oak; Red eared slider; Domestic long-haired cat; Wirehaired pointing griffon; Armored car (Military)
rest, Arrest; Norwegian forest cat; Temperate coniferous forest; Temperate broadleaf and mixed forest; Tropical and subtropical coniferous forests; Chinese crested dog; Double crested Cormorant; Forester; Trestle desk; Great Crested Flycatcher; Spoon rest; Valdivian temperate rain forest; Magellanic subpolar forests; Wrestler; Floating restaurant; Collegiate wrestling; Forest; Wrestling; Fast food restaurant; Northern hardwood forest; Spruce-fir forest; Sulphur-crested cockatoo; Greco-roman wrestling; Crest; Amateur wrestling; Wrestling shoe; Aquathlon (underwater wrestling); Old-growth forest; Freestyle wrestling; Toyota cresta; Western terrestrial garter snake; Paris-brest; Trestle; Arm wrestling; Black forest cake; Ford everest; Mongolian wrestling; Riparian forest; Mud wrestling; Scholastic wrestling; Vauxhall cresta; Professional wrestling; Benchrest shooting; Subaru forester; Catch wrestling; Folk wrestling; Rainforest; Black forest ham; Wrestling singlet; Terrestrial animal; Terrestrial plant; Armrest; Head restraint; Ford crestline skyliner; Chinese restaurant; Sumo wrestler; National trust for places of historic interest or natural beauty; Conservation-restoration
roads, Datsun 1500, 1600, 2000 roadster; Panoz lmp-1 roadster-s; Singer roadster; Datsun roadster; Mercedes-benz f-cell roadster; Bmw m roadster; Smart roadster; Tesla roadster; Panoz roadster; Triumph roadster
rooms, Stuffed mushrooms; Škoda roomster
rotunda, Kaempferia rotunda
round, Groundhog day; Groundhog; Ground attack aircraft; Groundcover; Playground; Ground beetle; Playground slide; Ground meat; Ground squirrels; Ground rattlesnake; Underground lake; Peruvian groundcherry; Ground white pepper; Barren ground Caribou; Groundsnake; Ground black pepper; Ground turkey
rural, Basque rural sports
saints, All saints' day
sculpture, Bronze sculpture; Classical sculpture
seals, Elephant seals
seas, Disease; Old bay seasoning
series, Chrysler 300 letter series; Volvo 140 series; Bmw 1 series (e87); Studebaker m series truck; Studebaker e series truck; Bmw 5 series; Bmw 3 series; Rover 800 series; Land rover series; Indycar series; Bmw 7 series; Bmw 6 series; Bmw 8 series; Saturn l-series; Saturn s-series; Ford e-series; Bmw 3 series (e21); Bmw 6 series (e24); Bmw 3 series (e30); Bmw 3 series (e36); Bmw 3 series (e46); Bmw 3 series (e90); Ford f-series; Tvr s series; Rover 600 series; Bmw 3 series compact; Shelby series 1; Buchla 200 series electric music box; Volvo 300 series; Aro 24 series; Mercer series 5; Buick series 40 special; Mazda b-series; Isuzu i-series; Bmw 3 series gran turismo; Cadillac series 60; Cadillac series 70; Cadillac series 62; Cadillac series 61; Dodge d series; Dodge c series; Dodge b series; Bentley t-series; Tvr m series; Mercury m-series; Volvo 700 series; Lincoln mark series; Cadillac de ville series; Dodge 50 series; Bmw 3 series (f30); Alfa romeo 105 series coupes; Lincoln k-series; Ford c-series
sex, Manduca sexta; Bajo sexto; Essex skipper; Sussex spaniel
shape, Surfboard shaper; Wood shaper; Gear shaper
sheep, Icelandic sheepdog; Shetland sheepdog; Croatian sheepdog; Catalan sheepdog; Welsh sheepdog; Himalayan sheepdog; Dall's sheep; Threebanded sheephead; Barbary sheep; Black sheep ale; Polish lowland sheepdog; Maremma sheepdog; California sheephead; Polish tatra sheepdog
Shinto, Shinto shrine
shoes, Horseshoes; Jelly shoes; Gardening shoes
shooting, Skeet shooting; Match rifle shooting; Gallery rifle shooting; Cowboy action shooting; Practical shooting; Trap shooting; Combat pistol shooting; Benchrest shooting; Clay pigeon shooting; Cowboy mounted shooting; Driven grouse shooting; Audi shooting brake; Lockheed p-80 shooting star
skin, Pine Siskin; Potato skins; Tofu skin roll; Basking shark; Bearskin; Blue-tongued skink; Masking tape; Minskin; Tofu skin; Cullen skink; Boneless skinless chicken thighs; Snow skin mooncake
sky, Sikorsky sh-3 sea king; Single malt scotch whisky; Nissan skyline gt-r; Single malt whisky; Mackenzie river husky; Douglas c-47 skytrain; Canadian whisky; Buick skylark; Douglas a-4 skyhawk; Douglas a-3 skywarrior; Douglas c-54 skymaster; Sikorsky ch-37 mojave; Douglas f4d skyray; Arkhangelsky ar-2; Sikorsky s-61r; Sikorsky h-19; Sikorsky s-61; Northern Dusky Salamander; Cesky terrier; Buick skyhawk; Sikorsky s-76; Nissan skyline; Sikorsky s-42; Sikorsky s-38; Labrador husky; Grain whisky; Sikorsky s-52; Hillman husky; Saturn sky; Sikorsky s-67 blackhawk; Sikorsky s-92; Sikorsky h-34; Blended malt whisky; Sikorsky s-43; Sikorsky s-70; Studebaker sky hawk; Siberian husky; Scotch whisky; Sikorsky hh-52 seaguard; Sikorsky r-4; Sikorsky h-5; Red sky at morning; Whisky; Miniature siberian husky; Sikorsky s-64 skycrane; Tandem skydiving; Japanese whisky; Sakhalin husky; Freestyle skydiving; Dusky salamander; English whisky; Luke skywalker; Ford fairlane 500 skyliner; Cesky fousek; Ford fairlane crown victoria skyliner; Ford crestline skyliner; Fireball cinnamon whisky
smoke, Liquid smoke
snakes, Hog-nosed snakes
snow, Summer snowflake; Glory of the snow; Rain and snow mixed
speed, Motorcycle speedway; Inline speed skating; Mazdaspeed3; Tvr tuscan speed 6; Long track speed skating; Studebaker speedster; Auburn speedster; Alvis speed 25; Alvis speed 20; Bentley speed 8; Short track speed skating; Rinspeed zazen; Bentley speed six; High-speed rail; Tvr cerbera speed 12
sperm, Trachyspermum ammi; Pigmy sperm whale; Menispermaceae
spirals, Figure skating spirals
sports, Basque rural sports; European union passports; Toyota sports 800; Windsports; Datsun sports; Underwater sports; Street sports; Ssangyong musso sports; Austin a40 sports; Aston martin 2-litre sports; Air sports; Individual sports; Disabled sports; Indoor games and sports; Wheelchair sports; Endurance sports; Net sports; Surface water sports; Zil-112 sports; Daytona sportscar; Bentley continental supersports; Autographed sports paraphernalia; Animal sports; Kite sports; Precision sports; Weapon combat sports; Striking combat sports; Wall & ball sports; Dog sports
spring, English springer spaniel; Coil spring; Box-spring; Mineral spring; Welsh springer spaniel; Hot spring; Wide leaved spring beauty
square, Town square; Combination square; Four square; Times square ball
stars, Northrop grumman e-8 joint stars
storage, Computer data storage; Food storage; Floating production storage and offloading; Food storage containers; Data storage device; Tool storage & organization; Garden hose storage
streams, Fluvial landforms of streams
summer, Midsummer
sunrise, Tequila sunrise
swimming, Freestyle swimming; Medley swimming; Finswimming; Synchronized swimming; Open water swimming
tables, Cruciferous vegetables; Sofa tables
tea, Long island iced tea; Steamboat; Proteales; Green tea; Cream tea; Chicken fried steak; Protea; Giant anteater; Paddle steamer; Earl grey tea; Cheesesteak; Stealth aircraft; Pu-erh tea; White tea; Steam frigate; Maojian tea; Anchor steam; Plateau; Morteau sausage; Toyota liteace; Flowering tea; Steamed meatball; Labrador tea; Pepper steak; Steak tartare; Steak and kidney pie; Assam tea; Food steamer; Aristea; Iced tea; Boeing-stearman model 75; Vietnamese lotus tea; Golden monkey tea; Seat altea; Nilgiri tea; Salisbury steak; Steak frites; Giant protea; Nissan teana; Steam car; Sirloin steak; Clyde steamer; Rize tea; Sayama tea; Steak pie; Longjing tea; Rib eye steak; Flat iron steak; Gunpowder tea; Hong kong-style milk tea; Kuy teav; Stealth ship; Chrysanthemum tea; Dianhong tea; Chun mee tea; Nepali tea; Tung-ting tea; Steam engine; Steam; Ceylon tea; Houkui tea; Roasted barley tea; Darjeeling tea; Steak sauce; Delmonico steak; Chinese herb tea; Pork steak; Petit gâteau; Marsh labrador tea; Hybrid tea rose; Steak au poivre; Protea family; Steamed rice; Lu'an melon seed tea; Château; Steak; Steam table; Garment steamer; Anteater
Thai, Thai pongal; Thai passport; Thai; Thai curry; Thai bangkaew dog; Thai food; Thai ridgeback; Thai basil; Thai fried rice
theater, Operating theater; Home theater system; Movie theater
time, Maritime museum; Petimezi; Bedtime; Day (Unit of time); Daytime; Tummy time; Maritime pilot; Multimedia; Renault avantime; Altimeter; Cooking timer; Multimedia projector; Multimedia software
tomatoes, Stewed tomatoes
tools, Hydraulic rescue tools; Marking tools; Paint tools
towns, Chevrolet townsman
toys, Baby toys
trade, Thames trader; Stock trader
transportation, Water transportation
travel, Air travel
trees, Ebony trees and persimmons
urban, Turban; Chevrolet suburban; Holden suburban; Russet burbank potato; Desoto suburban
vegetables, Cruciferous vegetables
vehicles, Toyota concept vehicles, 2000–09
wars, Ironclad warship; Hellenistic-era warships
water, Giant freshwater stingray; Drinking water; Carbonated water; American water spaniel; Underwater; Personal water craft; Whitewater kayaking; Mineral water; Bottled water; Freshwater whipray; Spanish water dog; Moscow water dog; Underwater hockey; Portuguese water dog; Orange flower water; Saltwater crocodile; Freshwater aquarium; Fragrant white water lily; Body of water; Breakwater; Aquathlon (underwater wrestling); Irish water spaniel; Underwater sports; Enhanced water; Inner tube water polo; Underwater rugby; European water shrew; Salt water taffy; Freshwater marsh; Open water swimming; Coconut water; Rice water; Underwater football; Underwater diving; Low water crossing; Diamondback water snake; Surface water sports; Banded water snake; Barley water; Freshwater crab; Towed water sport; Refrigerator water filter; Rose water; Distilled water; Underwater orienteering
weeds, False Bindweeds
whales, Pilot whales; Bottlenose whales
wheat, Irish soft-coated wheaten terrier; Whole-wheat flour; Dinkel wheat; Wild buckwheat; Khorasan wheat; Smartweed-buckwheat family; Complete wheat bran flakes; Whole wheat bread; Sprouted wheat; Einkorn wheat; Buckwheat flour; Buckwheat
white, Bobwhite; Black-and-white; Green-veined white; Oregon white oak; Ocean whitefish; Egg white; Giant white arum lily; Black and white Warbler; Paperwhite; English white terrier; West highland white terrier; Irish red and white setter; Small white aster; Fragrant white water lily; Garden white; Blue and white porcelain; Ipoh white coffee; Fujian white crane; Humpback whitefish; Flat white; Californian white oak; Great white shark; Canada white violet; Ground white pepper; Black and white cookie
wind, Ford windstar; Sidewinder; Display window; Chrysler windsor; Woodwind instrument; Renault wind; Sash window; Silken windhound; Land windsurfing; Automotive window part
wings, Angel wings
women, International women's day
woods, Violet woodsorrel; Founder's backwoods bastard
workers, International workers' day
working, Metalworking; Computer networking; Networking cables; Metalworking hand tool; Woodworking
worship, Place of worship
wrestling, Collegiate wrestling; Greco-roman wrestling; Amateur wrestling; Aquathlon (underwater wrestling); Freestyle wrestling; Arm wrestling; Mongolian wrestling; Mud wrestling; Scholastic wrestling; Professional wrestling; Catch wrestling; Folk wrestling
writing, Handwriting
yellow, Greater yellowlegs; Western yellow pine; Wild yellow plum; Northern yellow bat; Upright yellow sorrel; Common yellow violet
